Id,KeyText,AddedOn,IsChecked,GroupName,BaseFrequency,QuoteFrequency,QuotePointFrequency
120,калькулятор самогонщика,2020-10-30 16:33:04.9705886,0,Главная,115772,71215,71143
121,калькулятор самогонщика онлайн,2020-10-30 16:33:04.9735809,0,Главная,27127,19815,19781
670,калькулятор спирта,2020-10-30 16:39:24.8309692,0,калькулятор абсолютного спирта,18787,1729,1647
126,калькулятор самогона,2020-10-30 16:36:51.8064683,0,Главная,18710,506,450
173,калькулятор разбавления самогона,2020-10-30 16:36:51.8084615,0,калькулятор разбавления самогона водой,9857,677,632
128,калькулятор самогонщика разбавление,2020-10-30 16:33:04.9745799,0,калькулятор разбавления самогона водой,8730,1811,1808
174,калькулятор разбавления самогона водой,2020-10-30 16:36:51.8084615,0,калькулятор разбавления самогона водой,8034,1029,574
1,самогон калькулятор самогонщика,2020-10-30 16:33:04.9745799,0,Все,6889,34,33
2,калькулятор самогонщика расчет,2020-10-30 16:33:04.9745799,0,Все,5870,240,235
129,калькулятор самогонщика разбавление самогона,2020-10-30 16:33:04.9745799,0,калькулятор разбавления самогона водой,5834,648,648
236,калькулятор разбавления спирта,2020-10-30 16:39:24.8339337,0,калькулятор разбавления самогона водой,5654,1261,1162
130,калькулятор самогонщика разбавление водой,2020-10-30 16:33:04.9745799,0,калькулятор разбавления самогона водой,5641,29,27
131,калькулятор самогонщика разбавление самогона водой,2020-10-30 16:33:04.9745799,0,калькулятор разбавления самогона водой,5166,2712,2712
122,калькулятор самогонщика онлайн расчет,2020-10-30 16:33:04.9745799,0,Главная,5000,2856,2856
175,разбавить самогон калькулятор,2020-10-30 16:36:51.8084615,0,калькулятор разбавления самогона водой,4065,475,468
237,калькулятор разбавления спирта водой,2020-10-30 16:39:24.8339337,0,калькулятор разбавления самогона водой,3929,2078,1551
64,калькулятор самогона онлайн,2020-10-30 16:36:51.8084615,0,Все,3486,96,82
672,калькулятор спирта онлайн,2020-10-30 16:39:24.8339337,0,калькулятор разбавления самогона водой,3002,196,175
383,калькулятор самогонщика перегонка,2020-10-30 16:33:04.9745799,0,Калькулятор дробной перегонки спирта-сырца: (вторая перегонка),2976,0,0
176,разбавить самогон водой калькулятор,2020-10-30 16:36:51.8094591,0,калькулятор разбавления самогона водой,2973,444,419
404,перегонка самогона калькулятор,2020-10-30 16:36:51.8094591,0,Калькулятор дробной перегонки спирта-сырца: (вторая перегонка),2723,1,0
384,калькулятор самогонщика вторая перегонка,2020-10-30 16:33:04.9745799,0,Калькулятор дробной перегонки спирта-сырца: (вторая перегонка),2447,31,24
405,калькулятор второй перегонки самогона,2020-10-30 16:36:51.8094591,0,Калькулятор дробной перегонки спирта-сырца: (вторая перегонка),2264,40,38
238,разбавить спирт калькулятор,2020-10-30 16:39:24.8349315,0,калькулятор разбавления самогона водой,2117,206,202
177,онлайн калькулятор разбавления самогона,2020-10-30 16:36:51.8094591,0,калькулятор разбавления самогона водой,1955,163,158
239,калькулятор онлайн спирт вода,2020-10-30 16:39:24.8349315,0,калькулятор разбавления самогона водой,1912,24,24
439,калькулятор самогонщика русская,2020-10-30 16:33:04.9745799,0,конкуренты,1773,4,4
240,калькулятор спирта для разведения,2020-10-30 16:39:24.8349315,0,калькулятор разбавления самогона водой,1764,558,558
178,калькулятор разбавления самогона водой онлайн,2020-10-30 16:36:51.8094591,0,калькулятор разбавления самогона водой,1729,646,456
65,калькулятор градусов самогона,2020-10-30 16:36:51.8094591,0,Все,1566,8,6
132,калькулятор онлайн самогонщика разбавить,2020-10-30 16:33:04.9755768,0,калькулятор разбавления самогона водой,1552,15,15
133,калькулятор самогонщика онлайн расчет разбавить,2020-10-30 16:33:04.9755768,0,калькулятор разбавления самогона водой,1518,289,289
327,калькулятор голов самогонщика,2020-10-30 16:33:04.9755768,0,калькулятор самогонщика отбор голов,1505,27,12
241,разбавить спирт водой калькулятор,2020-10-30 16:39:24.8359287,0,калькулятор разбавления самогона водой,1319,443,421
657,таблица разбавить самогон калькулятор,2020-10-30 16:36:51.8094591,0,таблица разбавления самогона водой калькулятор,1292,3,3
578,разбавить самогон до 40 калькулятор,2020-10-30 16:36:51.8094591,0,калькулятор водки из спирта,1195,13,13
88,калькулятор градусов спирта,2020-10-30 16:39:24.8359287,0,Все,1190,11,10
242,калькулятор спирта для разведения водой,2020-10-30 16:39:24.8359287,0,калькулятор разбавления самогона водой,1163,488,486
648,как разбавить самогон водой таблица калькулятор,2020-10-30 16:36:51.8094591,0,таблица разбавления самогона водой калькулятор,1148,8,8
134,калькулятор самогонщика онлайн разбавление,2020-10-30 16:33:04.9755768,0,калькулятор разбавления самогона водой,1140,384,384
572,как разбавить самогон водой до 40 калькулятор,2020-10-30 16:36:51.8094591,0,калькулятор водки из спирта,1115,46,46
575,как разбавить самогон до 40 градусов калькулятор,2020-10-30 16:36:51.8104563,0,калькулятор водки из спирта,1089,22,22
385,калькулятор самогонщика онлайн вторая,2020-10-30 16:33:04.9755768,0,Калькулятор дробной перегонки спирта-сырца: (вторая перегонка),1082,11,11
662,развести спирт калькулятор,2020-10-30 16:39:24.8359287,0,калькулятор самогонщика разбавление самогона водой после второй,1075,159,150
600,калькулятор самогонщика после второй перегонки,2020-10-30 16:33:04.9755768,1,калькулятор самогонщика разбавление самогона водой после второй,1074,0,0
416,калькулятор спирта сырца,2020-10-30 16:39:24.8359287,0,Калькулятор дробной перегонки спирта-сырца: (вторая перегонка),1060,37,33
582,разбавить самогон водой до 40 градусов калькулятор,2020-10-30 16:36:51.8104563,0,калькулятор водки из спирта,1059,7,7
602,калькулятор самогонщика разбавление самогона водой после второй,2020-10-30 16:33:04.9755768,0,калькулятор самогонщика разбавление самогона водой после второй,1053,118,118
386,калькулятор самогонщика онлайн вторая перегонка,2020-10-30 16:33:04.9755768,0,Калькулятор дробной перегонки спирта-сырца: (вторая перегонка),1026,163,163
66,расчет самогона калькулятор,2020-10-30 16:36:51.8104563,0,Все,1015,39,32
3,калькулятор самогонщика бесплатно,2020-10-30 16:33:04.9755768,0,Все,961,10,7
243,онлайн калькулятор разбавления спирта,2020-10-30 16:39:24.8359287,0,калькулятор разбавления самогона водой,961,87,66
181,калькулятор разбавления самогона водой после второй перегонки,2020-10-30 16:36:51.8104563,0,калькулятор разбавления самогона водой,958,7,7
328,калькулятор голов и хвостов самогонщика,2020-10-30 16:33:04.9755768,0,калькулятор самогонщика отбор голов,927,252,217
678,калькулятор расчета спирта,2020-10-30 16:39:24.8359287,0,калькулятор абсолютного спирта,924,18,16
135,калькулятор самогонщика онлайн расчет воды,2020-10-30 16:33:04.9755768,0,калькулятор разбавления самогона водой,881,1,1
136,калькулятор самогонщика онлайн расчет разбавить водой,2020-10-30 16:33:04.9755768,0,калькулятор разбавления самогона водой,879,31,31
244,калькулятор разбавления спирта водой онлайн,2020-10-30 16:39:24.8369254,0,калькулятор разбавления самогона водой,850,445,378
182,разбавить самогон водой калькулятор онлайн,2020-10-30 16:36:51.8104563,0,калькулятор разбавления самогона водой,836,123,123
137,калькулятор самогонщика разбавить самогон,2020-10-30 16:33:04.9765734,0,калькулятор разбавления самогона водой,813,10,10
67,онлайн калькулятор расчета самогона,2020-10-30 16:36:51.8104563,0,Все,727,1,1
417,калькулятор перегонки спирта,2020-10-30 16:39:24.8369254,0,Калькулятор дробной перегонки спирта-сырца: (вторая перегонка),719,7,7
138,калькулятор самогонщика онлайн разбавление водой,2020-10-30 16:33:04.9765734,0,калькулятор разбавления самогона водой,704,16,16
139,калькулятор онлайн самогонщика разбавить самогон,2020-10-30 16:33:04.9765734,0,калькулятор разбавления самогона водой,693,5,5
183,разбавить самогон калькулятор онлайн расчет,2020-10-30 16:36:51.8104563,0,калькулятор разбавления самогона водой,690,1,1
4,самогон калькулятор самогонщика онлайн расчет,2020-10-30 16:33:04.9765734,0,Все,688,6,6
245,разведение спирта калькулятор онлайн,2020-10-30 16:39:24.8369254,0,калькулятор разбавления самогона водой,687,57,15
140,калькулятор самогонщика онлайн расчет разбавить самогон,2020-10-30 16:33:04.9765734,0,калькулятор разбавления самогона водой,676,139,139
141,калькулятор самогонщика онлайн разбавление самогона,2020-10-30 16:33:04.9765734,0,калькулятор разбавления самогона водой,649,39,39
617,калькулятор разбавления самогона для второй перегонки,2020-10-30 16:36:51.8104563,1,калькулятор самогонщика разбавление самогона водой после первой,643,4,4
246,разбавить спирт калькулятор онлайн,2020-10-30 16:39:24.8369254,0,калькулятор разбавления самогона водой,642,23,22
418,калькулятор перегонки спирта сырца,2020-10-30 16:39:24.8369254,0,Калькулятор дробной перегонки спирта-сырца: (вторая перегонка),616,29,27
614,калькулятор разбавления самогона водой для второй перегонки,2020-10-30 16:36:51.8104563,1,калькулятор самогонщика разбавление самогона водой после первой,615,23,19
142,калькулятор самогонщика разбавление самогона водой онлайн,2020-10-30 16:33:04.9765734,0,калькулятор разбавления самогона водой,610,248,248
387,калькулятор самогонщика отбор,2020-10-30 16:33:04.9765734,0,Калькулятор дробной перегонки спирта-сырца: (вторая перегонка),607,1,1
329,калькулятор самогонщика отбор голов,2020-10-30 16:33:04.9765734,0,калькулятор самогонщика отбор голов,594,240,236
618,калькулятор самогонщика разбавление для второй перегонки,2020-10-30 16:33:04.9765734,1,калькулятор самогонщика разбавление самогона водой после первой,593,1,1
612,калькулятор самогонщика разбавление самогона водой для второй,2020-10-30 16:33:04.9765734,1,калькулятор самогонщика разбавление самогона водой после первой,584,24,24
613,разбавление самогона для второй перегонки калькулятор самогонщика,2020-10-30 16:33:04.9765734,1,калькулятор самогонщика разбавление самогона водой после первой,564,20,20
184,развести самогон водой калькулятор,2020-10-30 16:36:51.8114534,0,калькулятор разбавления самогона водой,562,259,241
91,калькулятор спирта онлайн расчет,2020-10-30 16:39:24.8369254,0,Все,560,0,0
143,калькулятор онлайн самогонщика разбавить самогон водой,2020-10-30 16:33:04.9765734,0,калькулятор разбавления самогона водой,558,9,9
185,разбавить самогон калькулятор онлайн расчет водой,2020-10-30 16:36:51.8114534,0,калькулятор разбавления самогона водой,558,8,8
144,калькулятор самогонщика расчет разбавить самогон водой,2020-10-30 16:33:04.9765734,0,калькулятор разбавления самогона водой,553,3,3
145,калькулятор самогонщика разбавление спирта,2020-10-30 16:33:04.9775712,0,калькулятор разбавления самогона водой,549,103,103
146,калькулятор самогонщика онлайн расчет разбавить самогон водой,2020-10-30 16:33:04.9775712,0,калькулятор разбавления самогона водой,547,280,280
247,расчет разбавить спирт калькулятор,2020-10-30 16:39:24.8369254,0,калькулятор разбавления самогона водой,538,0,0
5,калькулятор самогонщика онлайн расчет спирта,2020-10-30 16:33:04.9775712,0,Все,533,0,0
147,калькулятор самогонщика онлайн расчет разбавить спирт,2020-10-30 16:33:04.9775712,0,калькулятор разбавления самогона водой,530,224,224
330,калькулятор самогонщика онлайн головы,2020-10-30 16:33:04.9775712,0,калькулятор самогонщика отбор голов,513,6,2
331,калькулятор самогонщика расчет голов,2020-10-30 16:33:33.3873817,0,калькулятор самогонщика отбор голов,509,30,26
248,калькулятор спирта и воды,2020-10-30 16:39:24.8369254,0,калькулятор разбавления самогона водой,482,238,236
658,таблица разбавления самогона калькулятор,2020-10-30 16:36:51.8114534,0,таблица разбавления самогона водой калькулятор,459,3,3
187,калькулятор самогона для разведения,2020-10-30 16:36:51.8114534,0,калькулятор разбавления самогона водой,456,175,175
632,таблица разбавления самогона водой калькулятор,2020-10-30 16:36:51.8114534,0,таблица разбавления самогона водой калькулятор,452,176,173
419,калькулятор дробной перегонки спирта,2020-10-30 16:39:24.8369254,0,Калькулятор дробной перегонки спирта-сырца: (вторая перегонка),442,19,19
661,калькулятор самогонщика разбавление самогона водой после первой,2020-10-30 16:33:33.389375,1,калькулятор самогонщика разбавление самогона водой после первой,442,96,96
249,калькулятор спирта для разведения водой онлайн,2020-10-30 16:39:24.8369254,0,калькулятор разбавления самогона водой,436,348,348
6,алкогольный калькулятор самогонщика,2020-10-30 16:33:33.3903713,0,Все,433,284,284
664,как развести самогон калькулятор,2020-10-30 16:36:51.8114534,0,калькулятор самогонщика разбавление самогона водой после второй,420,43,34
148,калькулятор самогонщика разбавление спирта водой,2020-10-30 16:33:33.3903713,0,калькулятор разбавления самогона водой,417,246,246
332,калькулятор самогонщика расчет голов и хвостов,2020-10-30 16:33:33.3903713,0,калькулятор самогонщика отбор голов,414,61,61
420,дробный калькулятор спирта сырца,2020-10-30 16:39:24.837924,0,Калькулятор дробной перегонки спирта-сырца: (вторая перегонка),407,0,0
421,калькулятор дробной перегонки спирта сырца,2020-10-30 16:39:24.837924,0,Калькулятор дробной перегонки спирта-сырца: (вторая перегонка),405,212,192
576,разбавить спирт до 40 калькулятор,2020-10-30 16:39:24.837924,0,калькулятор водки из спирта,401,15,15
598,калькулятор самогонщика первая перегонка,2020-10-30 16:33:33.3903713,0,калькулятор самогонщика первая перегонка,395,1,1
333,калькулятор самогонщика онлайн хвосты,2020-10-30 16:33:33.3903713,0,калькулятор самогонщика отбор голов,386,0,0
671,спиртовой калькулятор для самогона,2020-10-30 16:36:51.8114534,0,калькулятор разбавления самогона водой,386,314,314
334,калькулятор голов и хвостов самогонщика онлайн,2020-10-30 16:33:33.3903713,0,калькулятор самогонщика отбор голов,370,21,18
351,калькулятор голов самогона,2020-10-30 16:36:51.8114534,0,калькулятор самогонщика отбор голов,368,21,18
250,разбавить спирт водой калькулятор онлайн,2020-10-30 16:39:24.837924,0,калькулятор разбавления самогона водой,361,27,27
519,калькулятор смешивания спиртов,2020-10-30 16:39:24.837924,0,Калькулятор смешивания спиртов,358,116,76
388,калькулятор самогонщика онлайн расчет вторая перегонка,2020-10-30 16:33:33.3903713,0,Калькулятор дробной перегонки спирта-сырца: (вторая перегонка),357,1,1
335,калькулятор самогонщика онлайн расчет голов,2020-10-30 16:33:33.3903713,0,калькулятор самогонщика отбор голов,347,34,34
573,разбавить спирт до 40 градусов калькулятор,2020-10-30 16:39:24.837924,0,калькулятор водки из спирта,344,28,25
251,развести спирт водой калькулятор,2020-10-30 16:39:24.837924,0,калькулятор разбавления самогона водой,334,90,78
92,калькулятор пропорций спирта,2020-10-30 16:39:24.837924,0,Все,329,1,1
677,калькулятор крепости спирта,2020-10-30 16:39:24.837924,0,калькулятор абсолютного спирта,320,20,15
440,калькулятор самогонщика погребок,2020-10-30 16:33:33.3903713,0,конкуренты,311,68,68
252,калькулятор онлайн расчет разбавить спирт водой,2020-10-30 16:39:24.837924,0,калькулятор разбавления самогона водой,309,5,5
149,калькулятор самогонщика онлайн расчет разбавить спирт водой,2020-10-30 16:33:33.3903713,0,калькулятор разбавления самогона водой,305,220,220
531,калькулятор абсолютного спирта,2020-10-30 16:39:24.837924,0,калькулятор абсолютного спирта,301,120,76
189,самогонный калькулятор разбавления самогона,2020-10-30 16:36:51.8114534,0,калькулятор разбавления самогона водой,295,75,75
336,калькулятор самогонщика онлайн расчет голов и хвостов,2020-10-30 16:33:33.3903713,0,калькулятор самогонщика отбор голов,293,179,179
580,разбавить спирт водой до 40 калькулятор,2020-10-30 16:39:24.8389204,0,калькулятор водки из спирта,292,12,12
441,калькулятор онлайн самогонщика русская,2020-10-30 16:33:33.3903713,0,конкуренты,286,1,1
70,калькулятор крепости самогона,2020-10-30 16:36:51.8114534,0,Все,281,28,26
577,разбавить спирт водой до 40 градусов калькулятор,2020-10-30 16:39:24.8389204,0,калькулятор водки из спирта,263,14,14
190,калькулятор самогона для разведения водой,2020-10-30 16:37:22.0596721,0,калькулятор разбавления самогона водой,254,186,186
376,развести спирт до 40 градусов калькулятор,2020-10-30 16:39:24.8389204,0,развести самогон или спирт до 40 градусов калькулятор,246,42,42
639,разбавить спирт водой калькулятор таблица,2020-10-30 16:39:24.8389204,0,таблица разбавления самогона водой калькулятор,245,21,21
7,калькулятор самогонщика онлайн расчет важных,2020-10-30 16:33:33.3913689,0,Все,229,43,43
8,калькулятор самогонщика расчет важных параметров,2020-10-30 16:33:33.3913689,0,Все,228,19,19
191,самогонный калькулятор разбавления самогона водой,2020-10-30 16:37:22.061667,0,калькулятор разбавления самогона водой,227,140,140
464,русский самогон калькулятор,2020-10-30 16:37:22.061667,0,конкуренты,225,3,3
442,калькулятор самогонщика calcsam,2020-10-30 16:33:33.3913689,0,конкуренты,214,135,135
590,развести спирт до 70 калькулятор,2020-10-30 16:39:24.8389204,0,развести спирт до 70 калькулятор,211,0,0
619,разбавить самогон водой калькулятор для второго,2020-10-30 16:37:22.0626649,1,калькулятор самогонщика разбавление самогона водой после первой,211,0,0
389,калькулятор самогонщика вторая перегонка отбор,2020-10-30 16:33:33.3913689,0,Калькулятор дробной перегонки спирта-сырца: (вторая перегонка),209,0,0
374,развести самогон до 40 градусов калькулятор,2020-10-30 16:37:22.0626649,0,развести самогон или спирт до 40 градусов калькулятор,204,32,32
337,калькулятор самогонщика вторая перегонка отбор голов,2020-10-30 16:33:33.3913689,0,калькулятор самогонщика отбор голов,202,59,59
591,развести спирт до 70 градусов калькулятор,2020-10-30 16:39:24.8389204,0,развести спирт до 70 калькулятор,201,105,105
150,калькулятор самогонщика расчет разбавления,2020-10-30 16:33:33.3913689,0,калькулятор разбавления самогона водой,199,27,27
422,калькулятор второй перегонки спирта,2020-10-30 16:39:24.8389204,0,Калькулятор дробной перегонки спирта-сырца: (вторая перегонка),198,5,5
443,калькулятор самогонщика 24,2020-10-30 16:33:33.3913689,0,конкуренты,195,5,5
496,калькулятор самогонщика на андроид,2020-10-30 16:33:33.3913689,0,приложение,194,12,12
9,калькулятор самогонщика таблица,2020-10-30 16:33:33.3923672,0,Все,190,47,44
338,калькулятор самогонщика отбор голов и хвостов,2020-10-30 16:33:33.3923672,0,калькулятор самогонщика отбор голов,189,54,49
444,калькулятор самогонщика 24 погребок,2020-10-30 16:33:33.3923672,0,конкуренты,185,110,110
476,калькулятор брага спирт,2020-10-30 16:39:24.8389204,0,спирт из браги,182,0,0
10,калькулятор самогонщика онлайн расчет важных параметров,2020-10-30 16:33:33.3923672,0,Все,180,137,137
192,калькулятор разбавления самогона водой онлайн бесплатно,2020-10-30 16:37:22.0636621,0,калькулятор разбавления самогона водой,178,177,177
497,калькулятор самогонщика для пк,2020-10-30 16:33:33.3923672,0,приложение,177,0,0
660,таблица разведения спиртов калькулятор,2020-10-30 16:39:51.2573332,0,таблица разбавления самогона водой калькулятор,175,0,0
673,спиртовой калькулятор для спирта,2020-10-30 16:39:51.2563341,0,калькулятор разбавления самогона водой,175,153,153
377,как развести спирт до 40 калькулятор,2020-10-30 16:39:51.2583305,0,развести самогон или спирт до 40 градусов калькулятор,173,14,14
423,калькулятор выхода спирта,2020-10-30 16:39:51.2583305,0,Калькулятор дробной перегонки спирта-сырца: (вторая перегонка),171,9,6
546,калькулятор температуры самогона,2020-10-30 16:37:22.0636621,0,калькулятор спирта от температуры,169,0,0
11,лучший калькулятор самогонщика,2020-10-30 16:33:33.3923672,0,Все,158,35,35
375,как развести самогон до 40 калькулятор,2020-10-30 16:37:22.0646637,0,развести самогон или спирт до 40 градусов калькулятор,157,12,12
644,таблица разбавления спирта калькулятор,2020-10-30 16:39:51.2583305,0,таблица разбавления самогона водой калькулятор,157,15,15
12,калькулятор самогонщика 4.4,2020-10-30 16:33:33.3933688,0,Все,156,1,1
151,калькулятор самогонщика разбавление самогона водой скачать,2020-10-30 16:33:33.3933688,0,калькулятор разбавления самогона водой,156,5,5
549,калькулятор спирта от температуры,2020-10-30 16:39:51.2583305,0,калькулятор спирта от температуры,148,33,24
603,разбавить самогон водой калькулятор после второй перегонки,2020-10-30 16:37:22.0646637,0,калькулятор самогонщика разбавление самогона водой после второй,145,40,40
193,калькулятор расчета разбавления самогона,2020-10-30 16:37:22.0646637,0,калькулятор разбавления самогона водой,141,5,5
445,калькулятор самогонщика онлайн погребок,2020-10-30 16:33:33.3933688,0,конкуренты,136,51,51
520,калькулятор спиртов разной крепости,2020-10-30 16:39:51.2583305,0,Калькулятор смешивания спиртов,136,0,0
650,таблица разбавления спирта водой калькулятор,2020-10-30 16:39:51.2583305,0,таблица разбавления самогона водой калькулятор,136,8,6
667,калькулятор самогонщика развести,2020-10-30 16:33:33.3933688,0,калькулятор самогонщика разбавление самогона водой после второй,135,10,10
194,калькулятор расчета разбавления самогона водой,2020-10-30 16:37:22.0646637,0,калькулятор разбавления самогона водой,132,5,5
339,калькулятор самогонщика отбор голов онлайн,2020-10-30 16:33:33.3933688,0,калькулятор самогонщика отбор голов,129,16,16
152,калькулятор самогонщика расчет разбавления самогона,2020-10-30 16:33:33.3933688,0,калькулятор разбавления самогона водой,128,5,5
71,калькулятор пропорций самогона,2020-10-30 16:37:22.0646637,0,Все,126,0,0
72,домашний самогон калькулятор,2020-10-30 16:37:22.0646637,0,Все,125,0,0
195,онлайн калькулятор разведения самогона,2020-10-30 16:37:22.0646637,0,калькулятор разбавления самогона водой,125,25,25
95,калькулятор градусов спирта онлайн,2020-10-30 16:39:51.2583305,0,Все,123,4,4
406,калькулятор перегона самогона,2020-10-30 16:37:22.0656576,0,Калькулятор дробной перегонки спирта-сырца: (вторая перегонка),123,5,5
153,калькулятор самогонщика расчет разбавления самогона водой,2020-10-30 16:33:33.3933688,0,калькулятор разбавления самогона водой,122,45,45
390,калькулятор самогонщика дробная,2020-10-30 16:33:33.3933688,0,Калькулятор дробной перегонки спирта-сырца: (вторая перегонка),122,1,0
563,калькулятор водки из спирта,2020-10-30 16:39:51.2583305,0,калькулятор водки из спирта,122,37,30
521,калькулятор смешивания спиртов разной крепости,2020-10-30 16:39:51.2593272,0,Калькулятор смешивания спиртов,121,100,82
663,калькулятор самогонщика развести самогон,2020-10-30 16:33:33.3933688,0,калькулятор самогонщика разбавление самогона водой после второй,121,80,80
446,колба калькулятор самогонщика,2020-10-30 16:33:33.3933688,0,конкуренты,120,104,104
643,таблица разведения самогона водой калькулятор,2020-10-30 16:37:22.0656576,0,таблица разбавления самогона водой калькулятор,118,17,14
391,калькулятор самогонщика дробная перегонка,2020-10-30 16:33:33.3933688,0,Калькулятор дробной перегонки спирта-сырца: (вторая перегонка),117,47,41
633,разбавить самогон водой таблица онлайн калькулятор,2020-10-30 16:37:22.0656576,0,таблица разбавления самогона водой калькулятор,116,125,125
73,калькулятор выхода самогона,2020-10-30 16:37:22.0656576,0,Все,114,7,7
465,калькулятор самогонщика брага,2020-10-30 16:34:03.2014312,0,спирт из браги,110,6,3
15,справочник самогонщика калькулятор,2020-10-30 16:34:03.2014312,0,Все,109,41,41
198,как правильно разбавить самогон калькулятор,2020-10-30 16:37:22.0656576,0,калькулятор разбавления самогона водой,109,1,1
392,калькулятор самогонщика сырец,2020-10-30 16:34:03.2014312,0,Калькулятор дробной перегонки спирта-сырца: (вторая перегонка),108,0,0
365,расчет голов в спирте сырце калькулятор,2020-10-30 16:39:51.2593272,0,калькулятор самогонщика отбор голов,106,100,100
424,калькулятор перегонки спирта сырца онлайн,2020-10-30 16:39:51.2593272,0,Калькулятор дробной перегонки спирта-сырца: (вторая перегонка),104,16,16
199,как правильно разбавить самогон водой калькулятор,2020-10-30 16:37:22.0656576,0,калькулятор разбавления самогона водой,103,12,12
393,калькулятор самогонщика спирт сырец,2020-10-30 16:34:03.2014312,0,Калькулятор дробной перегонки спирта-сырца: (вторая перегонка),103,4,4
200,калькулятор разведения самогона водой в зависимости,2020-10-30 16:37:22.0656576,0,калькулятор разбавления самогона водой,102,1,1
638,таблица разведения спирта водой калькулятор,2020-10-30 16:39:51.2593272,0,таблица разбавления самогона водой калькулятор,102,24,20
96,алкогольный калькулятор спирт,2020-10-30 16:39:51.2593272,0,Все,98,1,1
201,формула разбавления самогона водой калькулятор,2020-10-30 16:37:22.0656576,0,калькулятор разбавления самогона водой,98,72,71
202,формула разбавления самогона калькулятор,2020-10-30 16:37:22.0656576,0,калькулятор разбавления самогона водой,98,0,0
477,калькулятор выхода спирта из браги,2020-10-30 16:39:51.2593272,0,спирт из браги,98,20,11
394,калькулятор самогонщика онлайн вторая перегонка отбор,2020-10-30 16:34:03.2014312,0,Калькулятор дробной перегонки спирта-сырца: (вторая перегонка),97,8,8
610,как разбавить самогон для второй перегонки калькулятор,2020-10-30 16:37:22.0656576,1,калькулятор самогонщика разбавление самогона водой после первой,93,60,60
656,калькулятор самогонщика разбавление таблица,2020-10-30 16:34:03.2014312,0,таблица разбавления самогона водой калькулятор,91,3,0
340,калькулятор самогонщика онлайн вторая перегонка отбор голов,2020-10-30 16:34:03.2014312,0,калькулятор самогонщика отбор голов,90,10,10
642,таблица разбавления самогона водой калькулятор онлайн,2020-10-30 16:37:22.0666542,0,таблица разбавления самогона водой калькулятор,90,19,19
155,калькулятор самогонщика онлайн разбавление спирта,2020-10-30 16:34:03.2014312,0,калькулятор разбавления самогона водой,89,7,7
407,калькулятор второго перегона самогона,2020-10-30 16:37:22.0666542,0,Калькулятор дробной перегонки спирта-сырца: (вторая перегонка),89,14,11
665,развести спирт калькулятор онлайн,2020-10-30 16:39:51.2593272,0,калькулятор самогонщика разбавление самогона водой после второй,88,32,32
447,калькулятор самогонщика онлайн 24,2020-10-30 16:34:03.2014312,0,конкуренты,87,5,5
607,калькулятор спирта сырца для второй,2020-10-30 16:39:51.2603243,1,калькулятор самогонщика разбавление самогона водой после первой,86,0,0
629,разбавить спирт сырец калькулятор,2020-10-30 16:39:51.2603243,1,калькулятор самогонщика разбавление самогона водой после первой,86,2,2
156,калькулятор самогонщика как разбавить водой,2020-10-30 16:34:03.2024293,0,калькулятор разбавления самогона водой,85,0,0
205,разведение самогона водой калькулятор онлайн,2020-10-30 16:37:22.0666542,0,калькулятор разбавления самогона водой,85,45,28
259,спирт и вода пропорции калькулятор,2020-10-30 16:39:51.2603243,0,калькулятор разбавления самогона водой,85,19,10
498,калькулятор самогонщика на компьютер,2020-10-30 16:34:03.2014312,0,приложение,85,0,0
641,самогонный калькулятор разбавления самогона водой таблица,2020-10-30 16:37:22.0666542,0,таблица разбавления самогона водой калькулятор,85,20,20
16,калькулятор алкоголя самогонщика,2020-10-30 16:34:03.2024293,0,Все,83,5,5
206,самогонный калькулятор разбавления самогона водой онлайн,2020-10-30 16:37:22.0676526,0,калькулятор разбавления самогона водой,82,11,11
448,погребок 24 калькулятор самогонщика онлайн,2020-10-30 16:34:03.203433,0,конкуренты,82,81,81
608,калькулятор спирта сырца для второй перегонки,2020-10-30 16:39:51.2603243,1,калькулятор самогонщика разбавление самогона водой после первой,82,16,16
634,таблица разбавления самогона водой калькулятор самогонщика расчет,2020-10-30 16:34:03.2024293,0,таблица разбавления самогона водой калькулятор,82,72,72
539,калькулятор самогонщика с поправкой на температуру,2020-10-30 16:34:03.203433,0,калькулятор спирта от температуры,81,33,33
547,калькулятор крепости самогона от температуры,2020-10-30 16:37:22.0676526,0,калькулятор спирта от температуры,81,35,35
158,калькулятор самогонщика как разбавить водой самогон,2020-10-30 16:34:03.203433,0,калькулятор разбавления самогона водой,80,50,50
425,калькулятор выхода спирта из спирта сырца,2020-10-30 16:39:51.2603243,0,Калькулятор дробной перегонки спирта-сырца: (вторая перегонка),80,55,20
499,приложение калькулятор самогонщика,2020-10-30 16:34:03.203433,0,приложение,80,22,21
17,калькулятор самогонщика сколько,2020-10-30 16:34:03.203433,0,Все,79,1,1
260,спирт разбавить водой пропорции калькулятор,2020-10-30 16:39:51.2603243,0,калькулятор разбавления самогона водой,79,16,16
540,калькулятор самогонщика по температуре,2020-10-30 16:34:03.203433,0,калькулятор спирта от температуры,77,34,34
159,калькулятор самогонщика онлайн разбавление спирта водой,2020-10-30 16:34:03.203433,0,калькулятор разбавления самогона водой,76,77,77
207,алкогольный калькулятор разбавление самогона,2020-10-30 16:37:22.0676526,0,калькулятор разбавления самогона водой,74,38,38
625,калькулятор разбавления спирта сырца,2020-10-30 16:39:51.2613223,1,калькулятор самогонщика разбавление самогона водой после первой,73,4,3
98,калькулятор крепости спирта в зависимости,2020-10-30 16:39:51.2613223,0,Все,72,0,0
532,абсолютный спирт расчет калькулятор,2020-10-30 16:39:51.2613223,0,калькулятор абсолютного спирта,72,29,23
636,таблица фертмана разведения спирта калькулятор,2020-10-30 16:39:51.2613223,0,таблица разбавления самогона водой калькулятор,71,70,70
426,калькулятор дробной перегонки спирта сырца онлайн,2020-10-30 16:39:51.2613223,0,Калькулятор дробной перегонки спирта-сырца: (вторая перегонка),70,69,62
635,самогонный калькулятор разбавления самогона водой таблица онлайн,2020-10-30 16:37:22.0676526,0,таблица разбавления самогона водой калькулятор,70,72,72
533,калькулятор абсолютного спирта в сырце,2020-10-30 16:39:51.2613223,0,калькулятор абсолютного спирта,69,9,9
534,калькулятор чистого спирта,2020-10-30 16:39:51.2613223,0,калькулятор абсолютного спирта,69,16,15
659,таблица спирта с водой калькулятор,2020-10-30 16:39:51.2613223,0,таблица разбавления самогона водой калькулятор,69,2,2
674,справочник самогонщика калькулятор крепости,2020-10-30 16:34:03.203433,0,калькулятор абсолютного спирта,69,75,75
99,калькулятор спирта в граммах,2020-10-30 16:39:51.2613223,0,Все,68,4,1
369,калькулятор себестоимости самогона,2020-10-30 16:37:22.0676526,0,калькулятор себестоимости самогона,68,3,3
209,развести самогон водой калькулятор онлайн,2020-10-30 16:37:22.0676526,0,калькулятор разбавления самогона водой,67,70,70
478,калькулятор спирта сырца из браги,2020-10-30 16:39:51.2613223,0,спирт из браги,66,1,1
19,помощник самогонщика калькулятор,2020-10-30 16:34:03.2044249,0,Все,64,34,34
264,смешивание спирта с водой калькулятор,2020-10-30 16:39:51.2613223,0,калькулятор разбавления самогона водой,64,64,41
74,алкогольный калькулятор для самогона,2020-10-30 16:37:49.0121076,0,Все,63,9,9
265,калькулятор перевода спирта,2020-10-30 16:39:51.2613223,0,калькулятор разбавления самогона водой,63,4,3
651,развести самогон водой калькулятор таблица,2020-10-30 16:37:49.0091185,0,таблица разбавления самогона водой калькулятор,63,7,7
654,таблица фертмана для разбавления спирта водой калькулятор,2020-10-30 16:39:51.2613223,0,таблица разбавления самогона водой калькулятор,63,5,5
550,калькулятор коррекции спирта,2020-10-30 16:39:51.2613223,0,калькулятор спирта от температуры,62,14,13
676,спиртовой калькулятор для самогона онлайн,2020-10-30 16:37:49.0121076,0,калькулятор разбавления самогона водой,61,28,28
267,калькулятор развода спирта,2020-10-30 16:39:51.2613223,0,калькулятор разбавления самогона водой,60,11,11
595,как пользоваться калькулятором самогонщика,2020-10-30 16:34:03.209409,0,как пользоваться калькулятором самогонщика,60,41,35
579,калькулятор разбавления самогона до 40,2020-10-30 16:37:49.0121076,0,калькулятор водки из спирта,59,13,13
211,как разбавить самогон калькулятор онлайн,2020-10-30 16:37:49.0121076,0,калькулятор разбавления самогона водой,58,6,6
479,выход спирта сырца из браги калькулятор,2020-10-30 16:39:51.2623205,0,спирт из браги,57,35,29
100,калькулятор процентов спирта,2020-10-30 16:39:51.2623205,0,Все,56,13,9
101,калькулятор получения спирта,2020-10-30 16:39:51.2623205,0,Все,56,0,0
212,формула разведения самогона водой калькулятор,2020-10-30 16:37:49.0121076,0,калькулятор разбавления самогона водой,56,59,59
370,себестоимость самогона в домашних условиях калькулятор,2020-10-30 16:37:49.0121076,0,калькулятор себестоимости самогона,56,57,57
102,калькулятор алкоголя спирта,2020-10-30 16:39:51.2623205,0,Все,55,1,0
352,калькулятор отбора голов самогона,2020-10-30 16:37:49.0121076,0,калькулятор самогонщика отбор голов,55,31,28
103,калькулятор содержания спирта,2020-10-30 16:40:21.7508318,0,Все,54,10,9
123,калькулятор винокура и самогонщика,2020-10-30 16:34:03.209409,0,Главная,54,24,24
268,калькулятор спирта для разведения водой онлайн бесплатно,2020-10-30 16:40:21.7508318,0,калькулятор разбавления самогона водой,54,20,20
427,калькулятор отбора спирта,2020-10-30 16:40:21.7468429,0,Калькулятор дробной перегонки спирта-сырца: (вторая перегонка),54,0,0
645,как развести самогон водой калькулятор таблица пропорции,2020-10-30 16:37:49.0121076,0,таблица разбавления самогона водой калькулятор,54,10,10
408,дробная перегонка самогона калькулятор,2020-10-30 16:37:49.0121076,0,Калькулятор дробной перегонки спирта-сырца: (вторая перегонка),53,26,14
517,калькулятор смешивания самогона,2020-10-30 16:37:49.0131051,0,Калькулятор смешивания спиртов,53,4,4
571,спирт разбавить водой пропорции 40 калькулятор,2020-10-30 16:40:21.7508318,0,калькулятор водки из спирта,53,50,50
20,калькулятор самогонщика какой лучше,2020-10-30 16:34:03.209409,0,Все,52,11,11
627,калькулятор самогонщика разбавление сырца,2020-10-30 16:34:03.209409,1,калькулятор самогонщика разбавление самогона водой после первой,52,3,3
21,алкогольный калькулятор самогонщика онлайн,2020-10-30 16:34:03.209409,0,Все,51,16,16
104,рассчитать спирт калькулятор,2020-10-30 16:40:21.7518291,0,Все,51,6,6
269,калькулятор соотношения спирта и воды,2020-10-30 16:40:21.7518291,0,калькулятор разбавления самогона водой,51,3,1
472,калькулятор выхода самогона из браги,2020-10-30 16:37:49.0131051,0,спирт из браги,50,28,15
270,калькулятор расчета разбавления спирта,2020-10-30 16:40:21.7518291,0,калькулятор разбавления самогона водой,49,2,2
271,калькулятор разбавления спирта с водой по градусам,2020-10-30 16:40:21.7518291,0,калькулятор разбавления самогона водой,47,18,18
353,количество голов в самогоне калькулятор,2020-10-30 16:37:49.0131051,0,калькулятор самогонщика отбор голов,47,38,38
395,калькулятор самогонщика вторая перегонка спирта сырца,2020-10-30 16:34:03.209409,0,Калькулятор дробной перегонки спирта-сырца: (вторая перегонка),47,6,5
628,калькулятор самогонщика разбавление спирта сырца,2020-10-30 16:34:03.209409,1,калькулятор самогонщика разбавление самогона водой после первой,47,2,2
22,алко калькулятор самогонщика,2020-10-30 16:34:03.209409,0,Все,46,43,43
105,калькулятор спирт сахар,2020-10-30 16:40:21.7518291,0,Все,46,4,2
606,как развести самогон для второй перегонки калькулятор,2020-10-30 16:37:49.0131051,1,калькулятор самогонщика разбавление самогона водой после первой,46,28,28
214,калькулятор самогона и воды,2020-10-30 16:37:49.0131051,0,калькулятор разбавления самогона водой,45,18,17
354,рассчитать головы в самогоне калькулятор,2020-10-30 16:37:49.0141026,0,калькулятор самогонщика отбор голов,45,29,29
587,калькулятор этилового спирта,2020-10-30 16:40:21.7528265,0,калькулятор этилового спирта,44,4,3
23,калькулятор самогонщика и нет нам покоя,2020-10-30 16:34:29.6536386,0,Все,43,20,20
466,калькулятор самогонщика онлайн брага,2020-10-30 16:34:29.6356869,0,спирт из браги,43,3,2
272,алкогольный калькулятор разбавление спирта,2020-10-30 16:40:21.7528265,0,калькулятор разбавления самогона водой,42,17,15
273,разводим спирт правильно калькулятор,2020-10-30 16:40:21.7528265,0,калькулятор разбавления самогона водой,42,5,5
428,калькулятор дробной перегонки спирта сырца русская,2020-10-30 16:40:21.7528265,0,Калькулятор дробной перегонки спирта-сырца: (вторая перегонка),42,0,0
76,калькулятор спирта самогона,2020-10-30 16:37:49.0141026,0,Все,40,0,0
274,сколько воды добавить в спирт калькулятор,2020-10-30 16:40:21.7528265,0,калькулятор разбавления самогона водой,40,8,8
500,калькулятор самогонщика программа,2020-10-30 16:34:29.6536386,0,приложение,40,12,11
548,крепость самогона в зависимости от температуры калькулятор,2020-10-30 16:37:49.0141026,0,калькулятор спирта от температуры,40,40,40
551,коррекция спирта по температуре калькулятор,2020-10-30 16:40:21.7528265,0,калькулятор спирта от температуры,40,36,21
106,калькулятор объема спирта,2020-10-30 16:40:21.7538232,0,Все,39,2,2
275,разбавить спирт до 70 градусов калькулятор,2020-10-30 16:40:21.7538232,0,калькулятор разбавления самогона водой,39,4,4
341,калькулятор самогонщика голова тело,2020-10-30 16:34:29.6546374,0,калькулятор самогонщика отбор голов,39,1,1
473,калькулятор браги для самогона,2020-10-30 16:37:49.0141026,0,спирт из браги,39,13,13
522,калькулятор смешения спиртов,2020-10-30 16:40:21.7538232,0,Калькулятор смешивания спиртов,39,8,5
586,разведение спирта до 40 градусов калькулятор,2020-10-30 16:40:21.7538232,0,калькулятор водки из спирта,39,8,8
396,калькулятор самогонщика второй перегон,2020-10-30 16:34:29.6546374,0,Калькулятор дробной перегонки спирта-сырца: (вторая перегонка),38,11,8
489,калькулятор спирта в пиве,2020-10-30 16:40:21.7548211,0,калькулятор спирта в пиве,38,9,6
492,вес спирта калькулятор,2020-10-30 16:40:21.7548211,0,перевести кг спирта в литры,38,9,8
501,калькулятор самогонщика на айфон,2020-10-30 16:34:29.6546374,0,приложение,38,0,0
611,разбавить самогон водой калькулятор для второго перегона,2020-10-30 16:37:49.0141026,1,калькулятор самогонщика разбавление самогона водой после первой,38,37,36
355,калькулятор хвостов и голов самогона,2020-10-30 16:37:49.0141026,0,калькулятор самогонщика отбор голов,37,15,14
529,калькулятор самогонщика абсолютный спирт,2020-10-30 16:34:29.6546374,0,калькулятор абсолютного спирта,37,5,5
342,калькулятор самогонщика голова тело хвост,2020-10-30 16:34:29.6546374,0,калькулятор самогонщика отбор голов,36,5,4
502,калькулятор самогонщика excel,2020-10-30 16:34:29.6556339,0,приложение,36,30,30
514,калькулятор самогонщика смешивание,2020-10-30 16:34:29.6556339,0,Калькулятор смешивания спиртов,36,0,0
581,калькулятор разбавления самогона до 40 градусов,2020-10-30 16:37:49.0141026,0,калькулятор водки из спирта,36,9,9
409,вторая перегонка самогона какая пропорция калькулятор,2020-10-30 16:37:49.0141026,0,Калькулятор дробной перегонки спирта-сырца: (вторая перегонка),35,8,8
637,таблица разбавления спирта водой онлайн калькулятор,2020-10-30 16:40:21.7548211,0,таблица разбавления самогона водой калькулятор,35,34,34
675,спиртовой калькулятор для самогона онлайн бесплатно,2020-10-30 16:37:49.0141026,0,калькулятор разбавления самогона водой,35,39,39
24,правильный калькулятор самогонщика,2020-10-30 16:34:29.6556339,0,Все,34,6,6
215,калькулятор разбавки самогона,2020-10-30 16:37:49.0141026,0,калькулятор разбавления самогона водой,34,18,11
378,развести спирт до 40 градусов пропорции калькулятор,2020-10-30 16:40:21.7558186,0,развести самогон или спирт до 40 градусов калькулятор,34,7,7
25,алкогольный калькулятор самогонщика онлайн расчет,2020-10-30 16:34:29.6556339,0,Все,33,42,42
107,раствор спирта калькулятор,2020-10-30 16:40:21.7568175,0,Все,33,2,1
356,калькулятор расчета голов самогона,2020-10-30 16:37:49.0150994,0,калькулятор самогонщика отбор голов,33,4,4
410,выход самогона при второй перегонке калькулятор,2020-10-30 16:37:49.0141026,0,Калькулятор дробной перегонки спирта-сырца: (вторая перегонка),33,36,33
467,калькулятор самогонщика расчет браги,2020-10-30 16:34:29.6556339,0,спирт из браги,33,5,5
535,калькулятор абсолютного спирта онлайн,2020-10-30 16:40:21.7568175,0,калькулятор абсолютного спирта,33,6,5
630,разбавление спирта сырца водой калькулятор,2020-10-30 16:40:21.7558186,1,калькулятор самогонщика разбавление самогона водой после первой,33,2,1
631,калькулятор второй перегонки спирта сырца разбавление,2020-10-30 16:40:21.7558186,1,калькулятор самогонщика разбавление самогона водой после первой,33,0,0
108,калькулятор расчета градусов спирта,2020-10-30 16:40:21.7568175,0,Все,32,2,1
503,лучший калькулятор самогонщика для андроид,2020-10-30 16:34:29.6556339,0,приложение,32,16,14
588,калькулятор плотности спирта,2020-10-30 16:40:21.7568175,0,калькулятор этилового спирта,32,3,1
216,разбовлени4 самогона калькулятор,2020-10-30 16:37:49.0150994,0,калькулятор разбавления самогона водой,31,32,32
504,калькулятор самогонщика установить,2020-10-30 16:34:29.6556339,0,приложение,31,7,7
564,пропорция спирта и воды для водки калькулятор,2020-10-30 16:40:21.7568175,0,калькулятор водки из спирта,31,15,13
626,калькулятор разведения спирта сырца,2020-10-30 16:40:21.7568175,1,калькулятор самогонщика разбавление самогона водой после первой,31,4,2
26,калькулятор самогонщика дрожжи,2020-10-30 16:34:29.660619,0,Все,30,4,4
78,калькулятор градусов самогона онлайн,2020-10-30 16:37:49.0150994,0,Все,30,1,1
109,спиртовой калькулятор для спирта онлайн,2020-10-30 16:40:21.7568175,0,Все,30,30,30
523,калькулятор смешанных спиртов,2020-10-30 16:40:21.7568175,0,Калькулятор смешивания спиртов,29,0,0
530,калькулятор самогонщика расчет абсолютного спирта,2020-10-30 16:34:29.660619,0,калькулятор абсолютного спирта,29,30,30
552,калькулятор спирта в зависимости от температуры,2020-10-30 16:40:21.7568175,0,калькулятор спирта от температуры,29,2,2
623,разбавить спирт сырец водой калькулятор,2020-10-30 16:40:21.7568175,1,калькулятор самогонщика разбавление самогона водой после первой,29,5,5
281,калькулятор изопропилового спирта,2020-10-30 16:40:21.7578148,0,калькулятор разбавления самогона водой,28,4,4
27,калькулятор самогонщика пожалуйста,2020-10-30 16:34:29.660619,0,Все,27,7,7
28,сайт калькулятор самогонщика,2020-10-30 16:34:29.6616248,0,Все,27,3,2
282,алкогольный калькулятор разведения спирта,2020-10-30 16:40:21.7578148,0,калькулятор разбавления самогона водой,27,1,1
574,разбавить спирт до 40 градусов пропорция калькулятор,2020-10-30 16:40:21.7578148,0,калькулятор водки из спирта,27,25,25
29,смотреть калькулятор самогонщика,2020-10-30 16:34:29.6616248,0,Все,26,23,21
110,калькулятор пересчета спирта,2020-10-30 16:40:21.759807,0,Все,26,0,0
217,сколько воды в самогон калькулятор,2020-10-30 16:37:49.0150994,0,калькулятор разбавления самогона водой,26,2,2
283,разведение спирта до 70 калькулятор,2020-10-30 16:40:21.759807,0,калькулятор разбавления самогона водой,26,5,4
284,рассчитать спирт с водой калькулятор,2020-10-30 16:40:21.759807,0,калькулятор разбавления самогона водой,26,24,24
285,развести спирт водой калькулятор онлайн,2020-10-30 16:40:50.9629968,0,калькулятор разбавления самогона водой,25,4,4
343,калькулятор самогонщика скачать головы хвосты,2020-10-30 16:34:29.6616248,0,калькулятор самогонщика отбор голов,25,0,0
357,как посчитать головы в самогоне калькулятор,2020-10-30 16:37:49.0150994,0,калькулятор самогонщика отбор голов,25,28,28
379,развести спирт до 40 градусов калькулятор онлайн,2020-10-30 16:40:21.759807,0,развести самогон или спирт до 40 градусов калькулятор,25,5,5
515,калькулятор самогонщика смешивание самогона,2020-10-30 16:34:29.6616248,0,Калькулятор смешивания спиртов,25,12,12
111,калькулятор спирта в напитках,2020-10-30 16:40:50.9709742,0,Все,24,5,5
218,сколько воды добавить в самогон калькулятор,2020-10-30 16:37:49.0150994,0,калькулятор разбавления самогона водой,24,13,10
286,алкогольный калькулятор онлайн разведение спирта,2020-10-30 16:40:50.9719732,0,калькулятор разбавления самогона водой,24,23,23
397,калькулятор самогонщика онлайн расчет спирта сырца,2020-10-30 16:34:29.6626161,0,Калькулятор дробной перегонки спирта-сырца: (вторая перегонка),24,0,0
468,калькулятор самогонщика онлайн расчет браги,2020-10-30 16:34:29.6626161,0,спирт из браги,24,16,16
536,калькулятор абсолютного спирта в сырце онлайн,2020-10-30 16:40:50.9709742,0,калькулятор абсолютного спирта,24,22,22
583,как разбавить спирт 95 до 40 калькулятор,2020-10-30 16:40:50.9709742,0,калькулятор водки из спирта,24,7,7
599,калькулятор самогонщика онлайн расчет первой перегонки,2020-10-30 16:34:29.6626161,0,калькулятор самогонщика первая перегонка,24,1,0
30,калькулятор самогонщика показать,2020-10-30 16:34:29.6636109,0,Все,23,18,18
287,разбавка спирта калькулятор,2020-10-30 16:40:50.9719732,0,калькулятор разбавления самогона водой,23,2,1
366,отбор голов по спирту калькулятор,2020-10-30 16:40:50.9719732,0,калькулятор самогонщика отбор голов,23,12,11
490,сколько спирта в пиве калькулятор,2020-10-30 16:40:50.9729708,0,калькулятор спирта в пиве,23,14,14
524,смешивание двух спиртов калькулятор,2020-10-30 16:40:50.9729708,0,Калькулятор смешивания спиртов,23,10,9
541,калькулятор самогонщика по температуре онлайн,2020-10-30 16:34:29.6626161,0,калькулятор спирта от температуры,23,20,20
358,сколько голов снимать с самогона калькулятор,2020-10-30 16:37:49.0150994,0,калькулятор самогонщика отбор голов,22,3,3
372,калькулятор самогонщика развести самогон до 40,2020-10-30 16:34:29.6636109,0,развести самогон или спирт до 40 градусов калькулятор,22,5,5
449,калькулятор самогонщика онлайн колба,2020-10-30 16:34:29.6636109,0,конкуренты,22,24,24
450,alcofan калькулятор самогонщика,2020-10-30 16:34:29.6636109,0,конкуренты,22,12,12
553,крепость спирта в зависимости от температуры калькулятор,2020-10-30 16:40:50.9729708,0,калькулятор спирта от температуры,22,24,15
565,калькулятор перевода спирта в водку,2020-10-30 16:40:50.9729708,0,калькулятор водки из спирта,22,18,10
585,разбавить спирт до 40 онлайн калькулятор,2020-10-30 16:40:50.9729708,0,калькулятор водки из спирта,22,0,0
288,смешать спирт с водой калькулятор,2020-10-30 16:40:50.9729708,0,калькулятор разбавления самогона водой,21,11,10
398,калькулятор самогонщика онлайн вторая перегонка спирта,2020-10-30 16:34:29.6636109,0,Калькулятор дробной перегонки спирта-сырца: (вторая перегонка),21,0,0
112,калькулятор спирта перегон,2020-10-30 16:40:50.9739687,0,Все,20,0,0
289,формула разбавления спирта до нужного градуса калькулятор,2020-10-30 16:40:50.9729708,0,калькулятор разбавления самогона водой,20,21,21
290,калькулятор разбавления спирта в граммах,2020-10-30 16:40:50.9729708,0,калькулятор разбавления самогона водой,20,0,0
291,самогонный калькулятор разбавления спирта,2020-10-30 16:40:50.9739687,0,калькулятор разбавления самогона водой,20,4,4
292,калькулятор разбавления спирта водой в граммах,2020-10-30 16:40:50.9739687,0,калькулятор разбавления самогона водой,20,3,3
584,разбавить спирт 95 до 40 градусов калькулятор,2020-10-30 16:40:50.9739687,0,калькулятор водки из спирта,20,7,7
615,как разбавлять самогон для второго перегона калькулятор,2020-10-30 16:37:49.0150994,1,калькулятор самогонщика разбавление самогона водой после первой,20,23,19
640,развести спирт водой таблица калькулятор,2020-10-30 16:40:50.9739687,0,таблица разбавления самогона водой калькулятор,20,21,21
79,расчет крепости самогона калькулятор,2020-10-30 16:37:49.0160975,0,Все,19,11,11
124,калькулятор винокура и самогонщика онлайн,2020-10-30 16:34:29.6666048,0,Главная,19,13,13
219,алкогольный калькулятор для разбавления самогона водой,2020-10-30 16:37:49.0160975,0,калькулятор разбавления самогона водой,19,17,17
373,калькулятор самогонщика развести самогон до 40 градусов,2020-10-30 16:34:29.6666048,0,развести самогон или спирт до 40 градусов калькулятор,19,19,19
411,калькулятор дробной перегонки самогона онлайн бесплатно,2020-10-30 16:37:49.0160975,0,Калькулятор дробной перегонки спирта-сырца: (вторая перегонка),19,19,19
566,водка из спирта пропорции калькулятор,2020-10-30 16:40:50.9739687,0,калькулятор водки из спирта,19,18,8
31,калькулятор самогонщика найти,2020-10-30 16:34:57.7916788,0,Все,18,15,12
32,калькулятор самогонщика точный,2020-10-30 16:34:57.7916788,0,Все,18,10,10
220,калькулятор развода самогона,2020-10-30 16:38:18.5133502,0,калькулятор разбавления самогона водой,18,4,4
294,калькулятор развода спирта с водой,2020-10-30 16:40:50.9749643,0,калькулятор разбавления самогона водой,18,14,14
344,калькулятор самогонщика расчет отбора голов,2020-10-30 16:34:57.7906799,0,калькулятор самогонщика отбор голов,18,5,5
567,как из спирта сделать водку калькулятор,2020-10-30 16:40:50.9749643,0,калькулятор водки из спирта,18,13,13
616,разбавить спирт сырец для дробной перегонки калькулятор,2020-10-30 16:40:50.9739687,1,калькулятор самогонщика разбавление самогона водой после первой,18,17,17
620,калькулятор самогонщика расчет разбавления спирта сырца,2020-10-30 16:34:57.7916788,1,калькулятор самогонщика разбавление самогона водой после первой,18,16,16
624,калькулятор самогонщика разбавление спирта сырца водой,2020-10-30 16:34:57.7886967,1,калькулятор самогонщика разбавление самогона водой после первой,18,4,4
668,как развести самогон калькулятор онлайн,2020-10-30 16:37:49.0160975,0,калькулятор самогонщика разбавление самогона водой после второй,18,9,9
113,калькулятор добавление спирта,2020-10-30 16:40:50.9749643,0,Все,17,0,0
221,смешивание самогона с водой калькулятор,2020-10-30 16:38:18.517342,0,калькулятор разбавления самогона водой,17,14,7
345,калькулятор самогонщика отбор голов тела и хвостов,2020-10-30 16:34:57.7916788,0,калькулятор самогонщика отбор голов,17,19,19
429,калькулятор для спирта сырца онлайн,2020-10-30 16:40:50.9749643,0,Калькулятор дробной перегонки спирта-сырца: (вторая перегонка),17,0,0
480,выход спирта из сахарной браги калькулятор,2020-10-30 16:40:50.9749643,0,спирт из браги,17,2,2
554,калькулятор температуры спирта и градуса,2020-10-30 16:40:50.9749643,0,калькулятор спирта от температуры,17,17,17
114,калькулятор спирта ромовый дневник,2020-10-30 16:40:50.9759616,0,Все,16,4,4
164,калькулятор самогонщика расчет разбавления спирта водой,2020-10-30 16:34:57.7916788,0,калькулятор разбавления самогона водой,16,15,15
222,калькулятор разбавки самогона водой,2020-10-30 16:38:18.5183343,0,калькулятор разбавления самогона водой,16,0,0
295,калькулятор расчета спирта с водой,2020-10-30 16:40:50.9749643,0,калькулятор разбавления самогона водой,16,12,12
296,самый точный калькулятор спирта,2020-10-30 16:40:50.9759616,0,калькулятор разбавления самогона водой,16,2,2
297,самогонный калькулятор разбавления спирта водой,2020-10-30 16:40:50.9759616,0,калькулятор разбавления самогона водой,16,13,13
380,развести спирт 95 до 40 градусов калькулятор,2020-10-30 16:40:50.9759616,0,развести самогон или спирт до 40 градусов калькулятор,16,8,8
451,леопольд калькулятор самогонщика,2020-10-30 16:34:57.7916788,0,конкуренты,16,2,0
452,погребок24 ру калькулятор самогонщика,2020-10-30 16:34:57.7922079,0,конкуренты,16,16,16
453,samcalc калькулятор самогонщика,2020-10-30 16:34:57.7922079,0,конкуренты,16,18,18
469,калькулятор самогонщика выход из браги,2020-10-30 16:34:57.7922079,0,спирт из браги,16,1,1
487,калькулятор спирта в крови,2020-10-30 16:40:50.9749643,0,калькулятор спирта в крови,16,2,2
537,калькулятор как посчитать абсолютный спирт,2020-10-30 16:40:50.9749643,0,калькулятор абсолютного спирта,16,0,0
555,температура спирта и крепость калькулятор,2020-10-30 16:40:50.9759616,0,калькулятор спирта от температуры,16,13,11
568,калькулятор водки из спирта онлайн,2020-10-30 16:40:50.9759616,0,калькулятор водки из спирта,16,17,17
604,калькулятор крепости самогона разбавить,2020-10-30 16:38:18.5183343,0,калькулятор самогонщика разбавление самогона водой после второй,16,14,14
646,калькулятор разбавки самогона водой таблица,2020-10-30 16:38:18.5183343,0,таблица разбавления самогона водой калькулятор,16,9,9
33,самогон саныч калькулятор самогонщика,2020-10-30 16:34:57.792745,0,Все,15,13,13
34,калькулятор самогонщика в мл,2020-10-30 16:34:57.792745,0,Все,15,9,9
430,калькулятор второй дробной перегонки спирта сырца,2020-10-30 16:41:18.805988,0,Калькулятор дробной перегонки спирта-сырца: (вторая перегонка),15,16,14
454,калькулятор самогонщика онлайн дымофф,2020-10-30 16:34:57.792745,0,конкуренты,15,17,17
481,выход спирта сырца из сахарной браги калькулятор,2020-10-30 16:40:50.9759616,0,спирт из браги,15,6,6
505,калькулятор самогонщика эксель,2020-10-30 16:34:57.792745,0,приложение,15,8,8
538,расчет абсолютного спирта в спирте сырце калькулятор,2020-10-30 16:41:18.8069833,0,калькулятор абсолютного спирта,15,15,15
556,погрешность измерения спирта от температуры калькулятор,2020-10-30 16:40:50.9759616,0,калькулятор спирта от температуры,15,14,14
592,развести спирт до 70 градусов пропорции калькулятор,2020-10-30 16:41:18.8069833,0,развести спирт до 70 калькулятор,15,15,15
35,бражный калькулятор самогонщика,2020-10-30 16:34:57.7937188,0,Все,14,9,9
81,калькулятор алкоголя самогон,2020-10-30 16:38:18.5183343,0,Все,14,1,0
431,калькулятор ректификации спирта,2020-10-30 16:41:18.8079803,0,Калькулятор дробной перегонки спирта-сырца: (вторая перегонка),14,4,4
455,калксам калькулятор самогонщика,2020-10-30 16:34:57.7937188,0,конкуренты,14,15,15
474,расчет выхода самогона из браги калькулятор,2020-10-30 16:38:18.5183343,0,спирт из браги,14,14,14
482,сколько спирта в браге калькулятор,2020-10-30 16:41:18.8079803,0,спирт из браги,14,12,12
493,перевести спирт из кг в литры калькулятор,2020-10-30 16:41:18.8079803,0,перевести кг спирта в литры,14,8,8
506,плей маркет калькулятор самогонщика,2020-10-30 16:34:57.7937188,0,приложение,14,8,8
513,калькулятор самогонщика для ios,2020-10-30 16:34:57.7937188,0,приложение,14,6,6
516,калькулятор самогонщика смешивание самогона онлайн,2020-10-30 16:34:57.7937188,0,Калькулятор смешивания спиртов,14,8,8
36,простой калькулятор самогонщика,2020-10-30 16:34:57.7937188,0,Все,13,9,9
37,калькулятор самогонщика расчет сахара и дрожжей,2020-10-30 16:34:57.7937188,0,Все,13,10,10
38,калькулятор самогонщика онлайн выход,2020-10-30 16:34:57.7937188,0,Все,13,0,0
39,самый лучший калькулятор самогонщика,2020-10-30 16:34:57.7937188,0,Все,13,6,6
40,формула самогонщика калькулятор,2020-10-30 16:34:57.7947156,0,Все,13,9,9
41,календарь самогонщика калькулятор самогонщика,2020-10-30 16:34:57.7947156,0,Все,13,8,8
82,дом самогона калькулятор,2020-10-30 16:38:18.5193324,0,Все,13,12,12
115,калькулятор концентрации спирта,2020-10-30 16:41:18.8079803,0,Все,13,8,6
165,калькулятор самогонщика разбавление соком,2020-10-30 16:34:57.7937188,0,калькулятор разбавления самогона водой,13,14,14
298,калькулятор спирта для разведения водой в граммах,2020-10-30 16:41:18.8079803,0,калькулятор разбавления самогона водой,13,14,14
299,алкогольный калькулятор разбавить спирт,2020-10-30 16:41:18.8079803,0,калькулятор разбавления самогона водой,13,2,1
300,формула разведения спирта водой калькулятор,2020-10-30 16:41:18.8079803,0,калькулятор разбавления самогона водой,13,12,11
301,разбавление спирта водой правило калькулятор,2020-10-30 16:41:18.8089782,0,калькулятор разбавления самогона водой,13,10,10
302,как правильно разбавить спирт калькулятор,2020-10-30 16:41:18.8089782,0,калькулятор разбавления самогона водой,13,2,2
399,калькулятор самогонщика онлайн расчет второй перегон,2020-10-30 16:34:57.7937188,0,Калькулятор дробной перегонки спирта-сырца: (вторая перегонка),13,11,11
432,дробная перегонка спирта сырца таблица калькулятор,2020-10-30 16:41:18.8079803,0,Калькулятор дробной перегонки спирта-сырца: (вторая перегонка),13,4,4
456,калькулятор самогонщика леопольда грея,2020-10-30 16:34:57.7937188,0,конкуренты,13,2,2
457,calcsam калькулятор самогонщика 4.02 русский,2020-10-30 16:34:57.7937188,0,конкуренты,13,0,0
470,калькулятор самогонщика брага из сахара,2020-10-30 16:34:57.7937188,0,спирт из браги,13,14,14
542,калькулятор самогонщика коррекция по температуре,2020-10-30 16:34:57.7947156,0,калькулятор спирта от температуры,13,11,11
557,поправка на температуру при измерении спирта калькулятор,2020-10-30 16:41:18.8089782,0,калькулятор спирта от температуры,13,13,13
561,разбавление самогона водой калькулятор онлайн с температурой,2020-10-30 16:38:18.5193324,0,калькулятор спирта от температуры,13,13,13
589,калькулятор веса этилового спирта,2020-10-30 16:41:18.8089782,0,калькулятор этилового спирта,13,5,4
652,таблица разведения самогона добавлением воды калькулятор,2020-10-30 16:38:18.5193324,0,таблица разбавления самогона водой калькулятор,13,7,7
42,калькулятор самогонщика онлайн и нет нам покоя,2020-10-30 16:34:57.7947156,0,Все,12,13,13
43,онлайн калькулятор помощник самогонщика,2020-10-30 16:34:57.7947156,0,Все,12,9,9
116,калькулятор настоек на спирту,2020-10-30 16:41:18.8099743,0,Все,12,10,10
225,самогон разбавить водой пропорции калькулятор,2020-10-30 16:38:18.5193324,0,калькулятор разбавления самогона водой,12,6,6
303,самый точный калькулятор разбавления спирта,2020-10-30 16:41:18.8089782,0,калькулятор разбавления самогона водой,12,2,2
304,калькулятор процентов спирта с водой,2020-10-30 16:41:18.8099743,0,калькулятор разбавления самогона водой,12,9,9
305,разбавить спирт до водки калькулятор,2020-10-30 16:41:18.8109809,0,калькулятор разбавления самогона водой,12,7,7
381,как развести самогон до 45 калькулятор,2020-10-30 16:38:18.5193324,0,как развести самогон или спирт до 45 калькулятор,12,4,4
400,калькулятор самогонщика 2 перегонка,2020-10-30 16:34:57.7947156,0,Калькулятор дробной перегонки спирта-сырца: (вторая перегонка),12,13,13
458,alcofan com калькулятор самогонщика,2020-10-30 16:34:57.7947156,0,конкуренты,12,12,12
525,калькулятор смешения спиртов разной крепости,2020-10-30 16:41:18.8099743,0,Калькулятор смешивания спиртов,12,12,12
593,развести 96 спирт до 70 градусов калькулятор,2020-10-30 16:41:18.8089782,0,развести спирт до 70 калькулятор,12,6,6
44,спиртовой калькулятор самогонщика,2020-10-30 16:35:26.5579259,0,Все,11,4,4
166,как разбавить спирт калькулятор самогонщика,2020-10-30 16:35:26.5579259,0,калькулятор разбавления самогона водой,11,4,4
226,развод самогона водой калькулятор,2020-10-30 16:38:18.5193324,0,калькулятор разбавления самогона водой,11,7,3
227,пропорции самогона и воды калькулятор,2020-10-30 16:38:18.5203372,0,калькулятор разбавления самогона водой,11,7,7
306,калькулятор разбавки спирта с водой,2020-10-30 16:41:18.8119791,0,калькулятор разбавления самогона водой,11,14,10
307,как правильно разбавить спирт водой калькулятор,2020-10-30 16:41:18.8119791,0,калькулятор разбавления самогона водой,11,7,6
308,алкогольный калькулятор для разбавления спирта водой,2020-10-30 16:41:18.8119791,0,калькулятор разбавления самогона водой,11,10,10
310,ромовый калькулятор разбавления спирта,2020-10-30 16:41:18.8129759,0,калькулятор разбавления самогона водой,11,2,2
346,калькулятор самогонщика онлайн выход тела головы,2020-10-30 16:35:26.5579259,0,калькулятор самогонщика отбор голов,11,0,0
347,калькулятор самогонщика выход тела головы хвостов,2020-10-30 16:35:26.5579259,0,калькулятор самогонщика отбор голов,11,0,0
359,калькулятор самогона головы тело хвосты,2020-10-30 16:38:18.5203372,0,калькулятор самогонщика отбор голов,11,9,9
360,количество голов в самогоне калькулятор рассчитать,2020-10-30 16:38:18.5203372,0,калькулятор самогонщика отбор голов,11,10,10
361,расчет количества голов в самогоне калькулятор,2020-10-30 16:38:18.5203372,0,калькулятор самогонщика отбор голов,11,11,11
367,калькулятор абсолютного спирта и отбора голов,2020-10-30 16:41:18.8119791,0,калькулятор самогонщика отбор голов,11,10,10
382,развести спирт до 45 градусов калькулятор,2020-10-30 16:41:18.8119791,0,как развести самогон или спирт до 45 калькулятор,11,8,8
401,калькулятор самогонщика онлайн выход тела,2020-10-30 16:34:57.7947156,0,Калькулятор дробной перегонки спирта-сырца: (вторая перегонка),11,0,0
402,калькулятор самогонщика выход тела,2020-10-30 16:35:26.5509628,0,Калькулятор дробной перегонки спирта-сырца: (вторая перегонка),11,0,0
433,онлайн калькулятор дробной перегонки спирта сердца,2020-10-30 16:41:18.8129759,0,Калькулятор дробной перегонки спирта-сырца: (вторая перегонка),11,9,9
459,калькулятор самогонщика pogrebok,2020-10-30 16:35:26.5539369,0,конкуренты,11,9,9
507,мобильный калькулятор самогонщика,2020-10-30 16:35:26.5569511,0,приложение,11,10,10
526,смесь спиртов калькулятор,2020-10-30 16:41:18.8129759,0,Калькулятор смешивания спиртов,11,5,4
543,калькулятор самогонщика измерение при разных температурах,2020-10-30 16:35:26.5579259,0,калькулятор спирта от температуры,11,11,11
562,калькулятор самогонщика разбавление и температура,2020-10-30 16:34:57.7947156,0,калькулятор спирта от температуры,11,11,11
647,таблица разведения спирта водой калькулятор онлайн,2020-10-30 16:41:18.8129759,0,таблица разбавления самогона водой калькулятор,11,9,9
666,калькулятор алкоголя развести спирт,2020-10-30 16:41:18.8129759,0,калькулятор самогонщика разбавление самогона водой после второй,11,12,12
45,калькулятор алкоголика самогонщика,2020-10-30 16:35:26.5579259,0,Все,10,10,10
46,калькулятор онлайн бесплатно самогонщика,2020-10-30 16:35:26.5579259,0,Все,10,0,0
125,калькулятор самогонщика в миллилитрах онлайн,2020-10-30 16:35:26.5589213,0,Главная,10,10,10
228,разбавитель самогона водой калькулятор,2020-10-30 16:38:18.5203372,0,калькулятор разбавления самогона водой,10,9,9
311,самый точный калькулятор разбавления спирта водой,2020-10-30 16:41:18.8129759,0,калькулятор разбавления самогона водой,10,8,8
312,калькулятор разбавления вина спиртом,2020-10-30 16:41:18.8129759,0,калькулятор разбавления самогона водой,10,7,7
313,точный калькулятор разбавления спирта водой,2020-10-30 16:41:18.8129759,0,калькулятор разбавления самогона водой,10,0,0
348,калькулятор самогонщика онлайн расчет отбор голов,2020-10-30 16:35:26.5579259,0,калькулятор самогонщика отбор голов,10,3,3
362,отделение голов в самогоне калькулятор,2020-10-30 16:38:18.5203372,0,калькулятор самогонщика отбор голов,10,10,10
434,калькулятор расчета спирта из сырца,2020-10-30 16:41:18.8129759,0,Калькулятор дробной перегонки спирта-сырца: (вторая перегонка),10,6,6
475,калькулятор первой перегонки браги в самогон,2020-10-30 16:38:18.5203372,0,спирт из браги,10,8,8
486,сколько выветривается самогон из организма калькулятор,2020-10-30 16:38:18.5203372,0,калькулятор спирта в крови,10,0,0
569,перевести спирт в водку калькулятор,2020-10-30 16:41:18.8129759,0,калькулятор водки из спирта,10,11,11
48,электронный калькулятор самогонщика,2020-10-30 16:35:26.5589213,0,Все,9,7,7
49,крепость на выходе в калькуляторе самогонщика,2020-10-30 16:35:26.5589213,0,Все,9,1,1
50,космогон калькулятор самогонщика,2020-10-30 16:35:26.5599208,0,Все,9,6,6
118,таблица фридмана для спирта калькулятор,2020-10-30 16:41:18.8139664,0,Все,9,7,7
314,калькулятор содержания спирта в водно спиртовом растворе,2020-10-30 16:41:18.8139664,0,калькулятор разбавления самогона водой,9,5,1
315,ромовый дневник калькулятор разбавления спирта,2020-10-30 16:41:18.8139664,0,калькулятор разбавления самогона водой,9,9,9
316,калькулятор алкоголя спирта и воды,2020-10-30 16:41:18.8139664,0,калькулятор разбавления самогона водой,9,3,3
317,калькулятор разбавления спирта водой погребок,2020-10-30 16:41:18.8139664,0,калькулятор разбавления самогона водой,9,11,11
363,калькулятор снятия голов самогона,2020-10-30 16:38:18.5203372,0,калькулятор самогонщика отбор голов,9,4,4
483,расчет спирта в браге калькулятор,2020-10-30 16:41:18.8139664,0,спирт из браги,9,7,5
494,калькулятор перевода спирта из кг в литры,2020-10-30 16:41:18.8129759,0,перевести кг спирта в литры,9,3,1
527,калькулятор смешивания двух спиртов разной крепости,2020-10-30 16:41:18.8139664,0,Калькулятор смешивания спиртов,9,8,8
594,спирт из 96 в 70 калькулятор,2020-10-30 16:41:18.8129759,0,развести спирт до 70 калькулятор,9,7,6
621,калькулятор спирта сырца для разведения с водой,2020-10-30 16:41:18.8139664,1,калькулятор самогонщика разбавление самогона водой после первой,9,9,9
669,калькулятор самогонщика как правильно развести самогон,2020-10-30 16:35:26.5589213,0,калькулятор самогонщика разбавление самогона водой после второй,9,5,5
51,калькулятор самогонщика из пшеницы,2020-10-30 16:35:26.5609163,0,Все,8,8,8
52,калькулятор самогонщика самогонофф,2020-10-30 16:35:26.5609163,0,Все,8,5,5
119,выход спирта из сахара калькулятор,2020-10-30 16:41:18.8149615,0,Все,8,9,9
167,калькулятор самогонщика разбавление самогона водой градусов,2020-10-30 16:35:26.5599208,0,калькулятор разбавления самогона водой,8,6,6
229,алкогольный калькулятор как разбавить самогон,2020-10-30 16:38:18.5203372,0,калькулятор разбавления самогона водой,8,8,8
230,как разводить самогон с водой правильно калькулятор,2020-10-30 16:38:18.5213267,0,калькулятор разбавления самогона водой,8,3,3
231,алкогольный калькулятор для разведения самогона,2020-10-30 16:38:18.5213267,0,калькулятор разбавления самогона водой,8,6,6
319,калькулятор смешения спирта с водой,2020-10-30 16:41:18.8139664,0,калькулятор разбавления самогона водой,8,7,4
320,как разбавить спирт 95 до 70 калькулятор,2020-10-30 16:41:46.6748105,0,калькулятор разбавления самогона водой,8,5,5
349,как отобрать голову калькулятор самогонщика,2020-10-30 16:35:26.5609163,0,калькулятор самогонщика отбор голов,8,0,0
364,сколько голов убирать с самогона калькулятор,2020-10-30 16:38:18.5203372,0,калькулятор самогонщика отбор голов,8,8,8
460,красноярский калькулятор самогонщика,2020-10-30 16:35:26.5609163,0,конкуренты,8,7,7
508,калькулятор самогонщика руди,2020-10-30 16:35:26.5599208,0,приложение,8,1,1
544,калькулятор самогонщика температура крепость,2020-10-30 16:35:26.5599208,0,калькулятор спирта от температуры,8,5,5
558,калькулятор спирта от температуры онлайн корректировка,2020-10-30 16:41:18.8139664,0,калькулятор спирта от температуры,8,8,8
53,самогонная лавка калькулятор самогонщика,2020-10-30 16:35:26.5609163,0,Все,7,11,11
54,алиса калькулятор самогонщика пожалуйста,2020-10-30 16:35:26.5609163,0,Все,7,1,1
55,калькулятор самогонщика онлайн атмосферное давление,2020-10-30 16:35:26.5619237,0,Все,7,8,8
56,алконавт калькулятор самогонщика,2020-10-30 16:35:26.5619237,0,Все,7,10,10
168,калькулятор самогонщика спирта для разведения водой,2020-10-30 16:35:26.5609163,0,калькулятор разбавления самогона водой,7,9,9
350,сколько процентов хвостов забивать в калькулятор самогонщика,2020-10-30 16:35:26.5609163,0,калькулятор самогонщика отбор голов,7,2,2
371,вес спирта в 1 литре калькулятор,2020-10-30 16:41:46.6758083,0,перевести спирт из кг в литры калькулятор,7,6,6
412,калькулятор дробления самогона,2020-10-30 16:38:18.5213267,0,Калькулятор дробной перегонки спирта-сырца: (вторая перегонка),7,7,6
413,калькулятор отбора тела самогона,2020-10-30 16:38:18.5213267,0,Калькулятор дробной перегонки спирта-сырца: (вторая перегонка),7,8,8
414,калькулятор дробного перегона самогона,2020-10-30 16:38:18.5213267,0,Калькулятор дробной перегонки спирта-сырца: (вторая перегонка),7,6,5
435,вторая перегонка спирта сырца на колонне калькулятор,2020-10-30 16:41:46.6758083,0,Калькулятор дробной перегонки спирта-сырца: (вторая перегонка),7,4,4
484,количество спирта в браге как определить калькулятор,2020-10-30 16:41:46.6748105,0,спирт из браги,7,7,7
485,выход спирта из браги таблица калькулятор,2020-10-30 16:41:46.6758083,0,спирт из браги,7,4,4
495,перевести кг спирта в литры калькулятор онлайн,2020-10-30 16:41:46.6758083,0,перевести кг спирта в литры,7,7,6
596,как пользоваться калькулятором самогонщика правильно,2020-10-30 16:35:26.5609163,0,как пользоваться калькулятором самогонщика,7,7,7
601,выход самогона после второй перегонки калькулятор,2020-10-30 16:38:18.5213267,0,калькулятор самогонщика разбавление самогона водой после второй,7,7,7
649,алкогольный калькулятор для разбавления самогона водой таблица,2020-10-30 16:38:18.5213267,0,таблица разбавления самогона водой калькулятор,7,8,8
57,kl калькулятор самогонщика,2020-10-30 16:35:26.5619237,0,Все,6,7,7
58,будь добра калькулятор самогонщика,2020-10-30 16:35:26.5619237,0,Все,6,6,6
59,каксамогон ру калькулятор самогонщика,2020-10-30 16:35:26.5659107,0,Все,6,6,6
60,уральский самогонщик калькулятор,2020-10-30 16:35:56.2794941,0,Все,6,2,2
169,онлайн калькулятор самогонщика разбавка водой,2020-10-30 16:35:56.2774991,0,калькулятор разбавления самогона водой,6,10,8
233,онлайн калькулятор самогона и воды,2020-10-30 16:38:18.5213267,0,калькулятор разбавления самогона водой,6,5,5
321,алкогольный калькулятор разбавление спирта онлайн,2020-10-30 16:41:46.6758083,0,калькулятор разбавления самогона водой,6,5,5
322,алко калькулятор разбавления спирта,2020-10-30 16:41:46.6768045,0,калькулятор разбавления самогона водой,6,4,4
323,калькулятор разбавления спирта водой онлайн бесплатно,2020-10-30 16:41:46.6768045,0,калькулятор разбавления самогона водой,6,0,0
415,калькулятор выхода самогона из спирта сырца,2020-10-30 16:38:18.5213267,0,Калькулятор дробной перегонки спирта-сырца: (вторая перегонка),6,7,6
461,калькулятор самогонщика calc sam,2020-10-30 16:35:26.5659107,0,конкуренты,6,4,4
491,сколько спирта в пиве 0.5 калькулятор,2020-10-30 16:41:46.6768045,0,калькулятор спирта в пиве,6,5,5
509,калькулятор самогонщика 4pda,2020-10-30 16:35:26.5649436,0,приложение,6,5,5
510,калькулятор самогонщика таблица эксель,2020-10-30 16:35:56.2804923,0,приложение,6,6,6
518,смешать самогон разной крепости калькулятор,2020-10-30 16:38:18.5213267,0,Калькулятор смешивания спиртов,6,8,8
559,плотность спирта от температуры калькулятор,2020-10-30 16:41:46.6778034,0,калькулятор спирта от температуры,6,2,1
653,пропорции для разведения самогона водой таблица калькулятор,2020-10-30 16:38:18.5213267,0,таблица разбавления самогона водой калькулятор,6,5,5
61,калькулятор самогонщика х,2020-10-30 16:35:56.2814898,0,Все,5,4,4
62,калькулятор самогонщика самка,2020-10-30 16:35:56.2814898,0,Все,5,5,5
63,таблицей фертмана или калькулятором самогонщика,2020-10-30 16:35:56.2824868,0,Все,5,5,5
83,калькулятор для определения крепости самогона,2020-10-30 16:38:18.5223237,0,Все,5,5,5
84,калькулятор расчета спирта в самогоне,2020-10-30 16:38:18.5223237,0,Все,5,4,4
85,калькулятор руд для самогона,2020-10-30 16:38:18.5223237,0,Все,5,4,4
86,онлайн калькулятор укрепления самогона,2020-10-30 16:38:44.6675413,0,Все,5,5,5
170,как разбавить спирт водой калькулятор самогонщика,2020-10-30 16:35:56.2804923,0,калькулятор разбавления самогона водой,5,4,4
171,русский дым калькулятор самогонщика разбавление водой,2020-10-30 16:35:56.2814898,0,калькулятор разбавления самогона водой,5,5,5
235,алкогольный калькулятор онлайн разведение самогона,2020-10-30 16:38:18.5223237,0,калькулятор разбавления самогона водой,5,6,6
325,развести спирт до 80 градусов калькулятор,2020-10-30 16:41:46.6788004,0,калькулятор разбавления самогона водой,5,4,4
326,алкозона калькулятор разбавления спирта,2020-10-30 16:41:46.6788004,0,калькулятор разбавления самогона водой,5,5,5
368,калькулятор спирта без голов,2020-10-30 16:41:46.6788004,0,калькулятор самогонщика отбор голов,5,3,3
403,калькулятор самогонщика онлайн дробная перегонка,2020-10-30 16:35:56.2814898,0,Калькулятор дробной перегонки спирта-сырца: (вторая перегонка),5,5,4
436,калькулятор скорости отбора спирта,2020-10-30 16:41:46.6778034,0,Калькулятор дробной перегонки спирта-сырца: (вторая перегонка),5,6,6
437,выход спирта при второй перегонке калькулятор,2020-10-30 16:41:46.6788004,0,Калькулятор дробной перегонки спирта-сырца: (вторая перегонка),5,5,4
438,калькулятор для расчета дробного перегона спирта,2020-10-30 16:41:46.6788004,0,Калькулятор дробной перегонки спирта-сырца: (вторая перегонка),5,5,5
462,калькулятор самогонщика русская днк,2020-10-30 16:35:56.2814898,0,конкуренты,5,7,7
463,калькулятор самогонщика онлайн расчет русский жар,2020-10-30 16:35:56.2814898,0,конкуренты,5,5,5
471,калькулятор самогонщика первая перегонка браги в самогон,2020-10-30 16:35:56.2814898,0,спирт из браги,5,5,5
488,калькулятор спирта в крови для водителей,2020-10-30 16:41:46.6778034,0,калькулятор спирта в крови,5,4,4
511,калькулятор самогонщика android,2020-10-30 16:35:56.2814898,0,приложение,5,4,4
512,лучший калькулятор самогонщика для iphone,2020-10-30 16:35:56.2804923,0,приложение,5,3,3
528,калькулятор самогонщика разбавление нескольких спиртовых групп,2020-10-30 16:35:56.2814898,0,Калькулятор смешивания спиртов,5,4,4
545,температурный калькулятор для самогонщика,2020-10-30 16:35:56.2824868,0,калькулятор спирта от температуры,5,2,2
560,корректировка спирта по температуре калькулятор,2020-10-30 16:41:46.6778034,0,калькулятор спирта от температуры,5,5,5
570,спирт развести до водки таблица калькулятор,2020-10-30 16:41:46.6788004,0,калькулятор водки из спирта,5,5,5
597,как пользоваться калькулятором самогонщика видео,2020-10-30 16:35:56.2814898,0,как пользоваться калькулятором самогонщика,5,6,6
605,калькулятор самогонщика развести самогон для второго перегона,2020-10-30 16:35:56.2824868,1,калькулятор самогонщика разбавление самогона водой после первой,5,5,5
622,калькулятор самогонщика онлайн разбавление спирта сырца,2020-10-30 16:35:56.2824868,1,калькулятор самогонщика разбавление самогона водой после первой,5,5,5
655,таблица растворимости спирта в воде с калькулятором,2020-10-30 16:41:46.6778034,0,таблица разбавления самогона водой калькулятор,5,5,5
